{"MSE": 7.901513892156864, "R2": 0.8922527442109116}